filename,format-of-post,shortcode
2020-10-21_17-48-16_UTC.json.xz,GraphVideo,CGnU9D-Jvcz
2021-01-12_15-21-40_UTC.json.xz,GraphImage,CJ8yQ5cMfqo
2021-03-24_13-27-56_UTC.json.xz,GraphSidecar,CMzZr_Xs5OK
2020-08-01_14-05-13_UTC.json.xz,GraphImage,CDWXJicFq5q
2020-08-16_20-18-11_UTC.json.xz,GraphImage,CD9pwSEFIJQ
2021-05-01_18-40-14_UTC.json.xz,GraphSidecar,COVzomOs-RG
2019-03-27_14-26-16_UTC.json.xz,GraphVideo,Bvg9ienBPTk
2020-09-10_23-03-19_UTC.json.xz,GraphVideo,CE-UfKOF_Q2
2020-03-09_22-09-13_UTC.json.xz,GraphVideo,B9h3PEBlBZT
2020-12-21_19-31-50_UTC.json.xz,GraphImage,CJElZ9nMVMU
2020-09-06_00-26-01_UTC.json.xz,GraphSidecar,CExmA7sFOIU
2020-11-19_22-45-29_UTC.json.xz,GraphImage,CHyiIQolzWZ
2020-10-24_15-13-43_UTC.json.xz,GraphVideo,CGuxsKYpbYG
2020-11-04_21-49-27_UTC.json.xz,GraphImage,CHLzyv9JWjz
2021-03-04_19-40-57_UTC.json.xz,GraphImage,CMAkeivMPSC
2019-06-21_21-55-36_UTC.json.xz,GraphImage,By_NcnSlo_u
2020-09-14_23-36-26_UTC.json.xz,GraphVideo,CFIre4WlTjn
2020-09-18_20-17-04_UTC.json.xz,GraphImage,CFSn3DMMbj0
2021-02-24_22-19-21_UTC.json.xz,GraphImage,CLsQPu4sP3T
2021-03-16_13-44-36_UTC.json.xz,GraphImage,CMe1PFkMhtW
2021-01-09_17-40-27_UTC.json.xz,GraphVideo,CJ1TtWMj8O4
2020-01-31_14-47-28_UTC.json.xz,GraphImage,B7_Og2ZFlHF
2020-09-06_14-40-27_UTC.json.xz,GraphImage,CEzHzF5lTMT
2021-04-29_18-48-38_UTC.json.xz,GraphVideo,COQq-8gDcTw
2021-05-27_14-07-39_UTC.json.xz,GraphSidecar,CPYRG_dMrjR
2021-05-07_17-47-04_UTC.json.xz,GraphImage,COlKUiRBAk1
2019-04-10_16-01-52_UTC.json.xz,GraphVideo,BwFKis9BEBa
2020-09-02_20-58-13_UTC.json.xz,GraphVideo,CEpfyVzlwYq
2021-02-09_14-33-36_UTC.json.xz,GraphImage,CLEzBWDMMdl
2021-03-29_18-36-11_UTC.json.xz,GraphImage,CNA08IGMMyJ
2020-10-24_13-16-19_UTC.json.xz,GraphImage,CGukU4PJPJk
2020-08-28_18-13-07_UTC.json.xz,GraphImage,CEcU-zjlIry
2020-05-22_18-53-33_UTC.json.xz,GraphVideo,CAf-_M-FNln
2021-03-21_18-15-17_UTC.json.xz,GraphImage,CMsMMFAMUvj
2020-08-25_20-35-14_UTC.json.xz,GraphImage,CEU23Fll1z3
2020-10-21_20-42-21_UTC.json.xz,GraphImage,CGno_HSpYck
2021-05-12_20-29-19_UTC.json.xz,GraphImage,COyU3O1sZgs
2021-05-31_19-09-24_UTC.json.xz,GraphImage,CPjG0kwseMp
2020-10-23_18-17-49_UTC.json.xz,GraphImage,CGsiCMrJNcM
2021-01-16_14-40-33_UTC.json.xz,GraphImage,CKHAvUbMlf5
2020-06-26_22-39-35_UTC.json.xz,GraphVideo,CB6jfMzFBef
2019-07-30_21-53-57_UTC.json.xz,GraphVideo,B0joOlVlGiX
2021-02-20_14-36-41_UTC.json.xz,GraphImage,CLhIHkkMTtF
2020-11-15_14-10-18_UTC.json.xz,GraphVideo,CHnT3C_F4M9
2020-01-14_16-51-08_UTC.json.xz,GraphImage,B7TrJrGFT3q
2019-03-27_14-15-02_UTC.json.xz,GraphImage,Bvg8YEohoYd
2021-04-20_14-27-57_UTC.json.xz,GraphImage,CN5CBOkMXVW
2020-11-07_14-12-08_UTC.json.xz,GraphImage,CHSt17VlgCk
2021-02-08_19-53-28_UTC.json.xz,GraphSidecar,CLCy1ThMY1G
2019-09-10_19-15-34_UTC.json.xz,GraphImage,B2PfhU2lO3s
2020-10-05_18-46-56_UTC.json.xz,GraphImage,CF-PDufpMUt
2020-02-14_20-46-10_UTC.json.xz,GraphImage,B8j6sQ6F0Gt
2020-10-06_14-52-16_UTC.json.xz,GraphSidecar,CGAY_1ypmVQ
2020-02-24_15-47-51_UTC.json.xz,GraphImage,B89IgGpF9aF
2020-05-31_14-19-00_UTC.json.xz,GraphImage,CA2vcLPFqPG
2021-03-31_13-39-37_UTC.json.xz,GraphVideo,CNFcPr6D7e9
2020-08-15_14-30-32_UTC.json.xz,GraphImage,CD6dLMul-RE
2019-05-16_18-14-30_UTC.json.xz,GraphImage,BxiHhtblfhH
2020-10-12_23-30-15_UTC.json.xz,GraphSidecar,CGQxC4ppgnS
2021-03-28_13-51-52_UTC.json.xz,GraphSidecar,CM9vm1NMT_L
2021-02-02_20-05-38_UTC.json.xz,GraphImage,CKzXdFPsKFU
2021-01-13_14-36-27_UTC.json.xz,GraphImage,CJ_R4nsMfeF
2021-04-05_21-55-04_UTC.json.xz,GraphImage,CNTNQ2gMsOz
2021-03-30_13-43-01_UTC.json.xz,GraphImage,CNC4LwQMC69
2021-05-31_13-31-54_UTC.json.xz,GraphSidecar,CPigMlmMXGD
2020-02-18_23-25-44_UTC.json.xz,GraphVideo,B8ugGfCFdt8
2020-11-22_21-33-23_UTC.json.xz,GraphVideo,CH6IPojFFnG
2020-07-17_23-15-04_UTC.json.xz,GraphVideo,CCwsQuSlxw0
2021-04-03_18-37-21_UTC.json.xz,GraphVideo,CNNtAu4DmnF
2020-09-25_23-18-49_UTC.json.xz,GraphVideo,CFk-NOMFLaf
